{
   "dashboards": [{
      "autoswitchEnabled": false,
      "columnCount": 1,
      "columnProportion": "1",
      "creationTime": 1556906080146,
      "dashboardNavigations": {},
      "description": "",
      "disabled": false,
      "gridsterMaxColumns": 12,
      "hidden": false,
      "homeTab": false,
      "id": "9d6e71e0-39af-40d5-baf7-deeebb613a89",
      "importAttempts": 0,
      "importComplete": true,
      "isDefault": false,
      "locked": false,
      "name": "Datastore Performance per Cluster",
      "namePath": "Example Dashboards (GBrandon)",
      "rank": 4,
      "shared": true,
      "states": [{
         "key": "permDashboardTime_dashboard_9d6e71e0-39af-40d5-baf7-deeebb613a89",
         "value": "o%3AdateRange%3Ds%253Alast6Hour%5EdateRangeText%3Ds%253A6H"
      }],
      "temporary": false,
      "userId": "5b58655d-e551-45af-91b0-9df8cd5bb51d",
      "widgetInteractions": [
         {
            "type": "resourceId",
            "widgetIdProvider": "65936b53-7031-4501-93c1-e8225f48afb8",
            "widgetIdReceiver": "a53edcdf-170f-4a9f-98eb-fe5ac9032f95"
         },
         {
            "type": "resourceId",
            "widgetIdProvider": "65936b53-7031-4501-93c1-e8225f48afb8",
            "widgetIdReceiver": "e7dba014-6691-457a-ad73-260d2fca3a5d"
         },
         {
            "type": "resourceId",
            "widgetIdProvider": "65936b53-7031-4501-93c1-e8225f48afb8",
            "widgetIdReceiver": "afebc3c9-5446-4a3f-8acf-25415983f15e"
         },
         {
            "type": "resourceId",
            "widgetIdProvider": "65936b53-7031-4501-93c1-e8225f48afb8",
            "widgetIdReceiver": "f9b1e61d-bab6-497b-b649-74823c99a39a"
         },
         {
            "type": "resourceId",
            "widgetIdProvider": "65936b53-7031-4501-93c1-e8225f48afb8",
            "widgetIdReceiver": "8b09fc7b-4557-4788-8300-a056cfc44c24"
         },
         {
            "type": "resourceId",
            "widgetIdProvider": "65936b53-7031-4501-93c1-e8225f48afb8",
            "widgetIdReceiver": "cba8dae2-6534-46d2-a574-0c8d723eba36"
         }
      ],
      "widgets": [
         {
            "collapsed": false,
            "config": {
               "additionalColumns": [],
               "customFilter": {
                  "excludedResources": null,
                  "filter": [],
                  "includedResources": null
               },
               "depth": 1,
               "filterMode": "tagPicker",
               "mode": "all",
               "refreshContent": {"refreshContent": false},
               "refreshInterval": 300,
               "relationshipMode": {"relationshipMode": 0},
               "resource": [],
               "selectFirstRow": {"selectFirstRow": false},
               "selfProvider": {"selfProvider": true},
               "tagFilter": {
                  "path": ["/source/kind/kind:resourceKind:id:0_::_"],
                  "value": {
                     "adapterInstance": [],
                     "adapterKind": [],
                     "bus": [],
                     "collector": [],
                     "day": [],
                     "exclaim": false,
                     "healthRange": [],
                     "kind": ["resourceKind:id:0_::_"],
                     "maintenanceSchedule": [],
                     "state": [],
                     "status": [],
                     "tag": [],
                     "tier": []
                  }
               },
               "title": "Object List"
            },
            "gridsterCoords": {
               "h": 5,
               "w": 12,
               "x": 1,
               "y": 1
            },
            "height": 267,
            "id": "65936b53-7031-4501-93c1-e8225f48afb8",
            "states": [
               {
                  "key": "permResGrid_widget_9d6e71e0-39af-40d5-baf7-deeebb613a89_65936b53-7031-4501-93c1-e8225f48afb8",
                  "value": "o%3Acolumns%3Da%253Ao%25253Aid%25253Ds%2525253Ah1%25255Ehidden%25253Db%2525253A1%25255Ewidth%25253Dn%2525253A100%255Eo%25253Aid%25253Ds%2525253Ah2%255Eo%25253Aid%25253Ds%2525253Ah3%25255Ehidden%25253Db%2525253A1%25255Ewidth%25253Dn%2525253A100%255Eo%25253Aid%25253Ds%2525253Ah4%255Eo%25253Aid%25253Ds%2525253Ah5%255Eo%25253Aid%25253Ds%2525253Ah6%255Eo%25253Aid%25253Ds%2525253Ah7%25255Ehidden%25253Db%2525253A1%25255Ewidth%25253Dn%2525253A100%255Eo%25253Aid%25253Ds%2525253Ah8%25255Ehidden%25253Db%2525253A1%25255Ewidth%25253Dn%2525253A100%255Eo%25253Aid%25253Ds%2525253Ah9%25255Ehidden%25253Db%2525253A1%25255Ewidth%25253Dn%2525253A100%255Eo%25253Aid%25253Ds%2525253Ah10%25255Ehidden%25253Db%2525253A1%25255Ewidth%25253Dn%2525253A100%255Eo%25253Aid%25253Ds%2525253Ah11%25255Ehidden%25253Db%2525253A1%25255Ewidth%25253Dn%2525253A100%255Eo%25253Aid%25253Ds%2525253Ah12%25255Ehidden%25253Db%2525253A1%25255Ewidth%25253Dn%2525253A100%255Eo%25253Aid%25253Ds%2525253Ah13%25255Ehidden%25253Db%2525253A1%25255Ewidth%25253Dn%2525253A100%255Eo%25253Aid%25253Ds%2525253Ah14%255Eo%25253Aid%25253Ds%2525253Ah15%25255Ehidden%25253Db%2525253A0%255Eo%25253Aid%25253Ds%2525253Ah16%25255Ehidden%25253Db%2525253A1%25255Ewidth%25253Dn%2525253A100%255Eo%25253Aid%25253Ds%2525253Ah17%25255Ehidden%25253Db%2525253A1%25255Ewidth%25253Dn%2525253A100%255Eo%25253Aid%25253Ds%2525253Ah18%25255Ehidden%25253Db%2525253A1%25255Ewidth%25253Dn%2525253A100%255Eo%25253Aid%25253Ds%2525253Ah19%25255Ehidden%25253Db%2525253A1%25255Ewidth%25253Dn%2525253A100%255Eo%25253Aid%25253Ds%2525253Ah20%25255Ehidden%25253Db%2525253A1%25255Ewidth%25253Dn%2525253A100%255Eo%25253Aid%25253Ds%2525253Ah21%25255Ehidden%25253Db%2525253A1%25255Ewidth%25253Dn%2525253A100%255Eo%25253Aid%25253Ds%2525253Ah22%25255Ehidden%25253Db%2525253A1%25255Ewidth%25253Dn%2525253A100%255Eo%25253Aid%25253Ds%2525253Ah23%25255Ehidden%25253Db%2525253A1%25255Ewidth%25253Dn%2525253A100%255Eo%25253Aid%25253Ds%2525253Ah24%25255Ehidden%25253Db%2525253A1%25255Ewidth%25253Dn%2525253A100%255Eo%25253Aid%25253Ds%2525253Ah25%25255Ehidden%25253Db%2525253A1%25255Ewidth%25253Dn%2525253A100%255Eo%25253Aid%25253Ds%2525253Ah26%25255Ehidden%25253Db%2525253A1%25255Ewidth%25253Dn%2525253A100%255Eo%25253Aid%25253Ds%2525253Ah27%25255Ehidden%25253Db%2525253A1%25255Ewidth%25253Dn%2525253A100%255Eo%25253Aid%25253Ds%2525253Ah28%25255Ehidden%25253Db%2525253A1%25255Ewidth%25253Dn%2525253A100%255Eo%25253Aid%25253Ds%2525253Ah29%25255Ehidden%25253Db%2525253A1%25255Ewidth%25253Dn%2525253A100%255Eo%25253Aid%25253Ds%2525253Ah30%25255Ehidden%25253Db%2525253A1%25255Ewidth%25253Dn%2525253A100%255Eo%25253Aid%25253Ds%2525253Ah31%25255Ehidden%25253Db%2525253A1%25255Ewidth%25253Dn%2525253A100%255Eo%25253Aid%25253Ds%2525253Ah32%25255Ehidden%25253Db%2525253A1%25255Ewidth%25253Dn%2525253A100%255Eo%25253Aid%25253Ds%2525253Ah33%25255Ehidden%25253Db%2525253A1%25255Ewidth%25253Dn%2525253A100%255Eo%25253Aid%25253Ds%2525253Ah34%25255Ehidden%25253Db%2525253A1%25255Ewidth%25253Dn%2525253A100%255Eo%25253Aid%25253Ds%2525253Ah35%25255Ehidden%25253Db%2525253A1%25255Ewidth%25253Dn%2525253A100%255Eo%25253Aid%25253Ds%2525253Ah36%25255Ehidden%25253Db%2525253A1%25255Ewidth%25253Dn%2525253A100%255Eo%25253Aid%25253Ds%2525253Ah37%25255Ehidden%25253Db%2525253A1%25255Ewidth%25253Dn%2525253A100%255Eo%25253Aid%25253Ds%2525253Ah38%25255Ehidden%25253Db%2525253A1%25255Ewidth%25253Dn%2525253A100%255Eo%25253Aid%25253Ds%2525253Ah39%25255Ehidden%25253Db%2525253A1%25255Ewidth%25253Dn%2525253A100%255Eo%25253Aid%25253Ds%2525253Ah40%25255Ehidden%25253Db%2525253A1%25255Ewidth%25253Dn%2525253A100%255Eo%25253Aid%25253Ds%2525253Ah41%25255Ehidden%25253Db%2525253A1%25255Ewidth%25253Dn%2525253A100%255Eo%25253Aid%25253Ds%2525253Ah42%25255Ehidden%25253Db%2525253A1%25255Ewidth%25253Dn%2525253A100%255Eo%25253Aid%25253Ds%2525253Ah43%25255Ehidden%25253Db%2525253A1%25255Ewidth%25253Dn%2525253A100%255Eo%25253Aid%25253Ds%2525253Ah44%25255Ehidden%25253Db%2525253A1%25255Ewidth%25253Dn%2525253A100%255Eo%25253Aid%25253Ds%2525253Ah45%25255Ehidden%25253Db%2525253A1%25255Ewidth%25253Dn%2525253A100%255Eo%25253Aid%25253Ds%2525253Ah46%25255Ehidden%25253Db%2525253A1%25255Ewidth%25253Dn%2525253A100"
               },
               {
                  "key": "permPaginationNumber_permResGrid_widget_9d6e71e0-39af-40d5-baf7-deeebb613a89_65936b53-7031-4501-93c1-e8225f48afb8",
                  "value": "n%3A1000"
               },
               {
                  "key": "perm_toolbarVisible_widget_9d6e71e0-39af-40d5-baf7-deeebb613a89_65936b53-7031-4501-93c1-e8225f48afb8",
                  "value": "b%3A1"
               }
            ],
            "title": "Object List",
            "type": "ResourceList"
         },
         {
            "collapsed": false,
            "config": {
               "customFilter": {
                  "excludedResources": null,
                  "filter": [],
                  "includedResources": null
               },
               "depth": 10,
               "metric": {
                  "mode": "resourceKind",
                  "resourceKindMetrics": [{
                     "colorMethod": 2,
                     "id": "extModel6459-1",
                     "isStringMetric": false,
                     "metricKey": "datastore|totalReadLatency_average",
                     "metricName": "Datastore|Read Latency",
                     "metricUnitId": "msec",
                     "orangeBound": null,
                     "redBound": null,
                     "resourceKindId": "resourceKind:id:1_::_",
                     "resourceKindName": "Datastore",
                     "unit": "ms",
                     "yellowBound": null
                  }],
                  "resourceMetrics": [],
                  "subMode": "resourceKindAll"
               },
               "refreshContent": {"refreshContent": false},
               "refreshInterval": 300,
               "relationshipMode": {"relationshipMode": -1},
               "resInteractionMode": null,
               "resource": [],
               "selfProvider": {"selfProvider": false},
               "title": "Read Latency"
            },
            "gridsterCoords": {
               "h": 9,
               "w": 6,
               "x": 1,
               "y": 6
            },
            "height": 495,
            "id": "a53edcdf-170f-4a9f-98eb-fe5ac9032f95",
            "states": [
               {
                  "key": "permBtn_zoomAllGraphs_permMetricChart_widget_9d6e71e0-39af-40d5-baf7-deeebb613a89_a53edcdf-170f-4a9f-98eb-fe5ac9032f95",
                  "value": "b%3A0"
               },
               {
                  "key": "permDateRange1_permMetricChart_widget_9d6e71e0-39af-40d5-baf7-deeebb613a89_a53edcdf-170f-4a9f-98eb-fe5ac9032f95",
                  "value": "s%3A%7B%22dateRange%22%3A%22dashboardTime%22%2C%22dateFrom%22%3Anull%2C%22dateTo%22%3Anull%2C%22timeFrom%22%3Anull%2C%22timeTo%22%3Anull%7D"
               },
               {
                  "key": "perm_toolbarVisible_widget_9d6e71e0-39af-40d5-baf7-deeebb613a89_a53edcdf-170f-4a9f-98eb-fe5ac9032f95",
                  "value": "b%3A1"
               },
               {
                  "key": "permBtn_splitGraphs_permMetricChart_widget_9d6e71e0-39af-40d5-baf7-deeebb613a89_a53edcdf-170f-4a9f-98eb-fe5ac9032f95",
                  "value": "b%3A0"
               },
               {
                  "key": "permBtn_pan_permMetricChart_widget_9d6e71e0-39af-40d5-baf7-deeebb613a89_a53edcdf-170f-4a9f-98eb-fe5ac9032f95",
                  "value": "b%3A0"
               },
               {
                  "key": "permMetricChart_widget_9d6e71e0-39af-40d5-baf7-deeebb613a89_a53edcdf-170f-4a9f-98eb-fe5ac9032f95",
                  "value": "o%3A"
               }
            ],
            "title": "Read Latency",
            "type": "MetricChart"
         },
         {
            "collapsed": false,
            "config": {
               "customFilter": {
                  "excludedResources": null,
                  "filter": [],
                  "includedResources": null
               },
               "depth": 10,
               "metric": {
                  "mode": "resourceKind",
                  "resourceKindMetrics": [{
                     "colorMethod": 2,
                     "id": "extModel5802-1",
                     "isStringMetric": false,
                     "metricKey": "datastore|totalWriteLatency_average",
                     "metricName": "Datastore|Write Latency",
                     "metricUnitId": "msec",
                     "orangeBound": null,
                     "redBound": null,
                     "resourceKindId": "resourceKind:id:1_::_",
                     "resourceKindName": "Datastore",
                     "unit": "ms",
                     "yellowBound": null
                  }],
                  "resourceMetrics": [],
                  "subMode": "resourceKindAll"
               },
               "refreshContent": {"refreshContent": false},
               "refreshInterval": 300,
               "relationshipMode": {"relationshipMode": -1},
               "resInteractionMode": null,
               "resource": [],
               "selfProvider": {"selfProvider": false},
               "title": "Write Latency"
            },
            "gridsterCoords": {
               "h": 9,
               "w": 6,
               "x": 7,
               "y": 6
            },
            "height": 495,
            "id": "e7dba014-6691-457a-ad73-260d2fca3a5d",
            "states": [
               {
                  "key": "permBtn_splitGraphs_permMetricChart_widget_9d6e71e0-39af-40d5-baf7-deeebb613a89_e7dba014-6691-457a-ad73-260d2fca3a5d",
                  "value": "b%3A0"
               },
               {
                  "key": "permBtn_pan_permMetricChart_widget_9d6e71e0-39af-40d5-baf7-deeebb613a89_e7dba014-6691-457a-ad73-260d2fca3a5d",
                  "value": "b%3A0"
               },
               {
                  "key": "permDateRange1_permMetricChart_widget_9d6e71e0-39af-40d5-baf7-deeebb613a89_e7dba014-6691-457a-ad73-260d2fca3a5d",
                  "value": "s%3A%7B%22dateRange%22%3A%22dashboardTime%22%2C%22dateFrom%22%3Anull%2C%22dateTo%22%3Anull%2C%22timeFrom%22%3Anull%2C%22timeTo%22%3Anull%7D"
               },
               {
                  "key": "permMetricChart_widget_9d6e71e0-39af-40d5-baf7-deeebb613a89_e7dba014-6691-457a-ad73-260d2fca3a5d",
                  "value": "o%3A"
               },
               {
                  "key": "perm_toolbarVisible_widget_9d6e71e0-39af-40d5-baf7-deeebb613a89_e7dba014-6691-457a-ad73-260d2fca3a5d",
                  "value": "b%3A1"
               },
               {
                  "key": "permBtn_zoomAllGraphs_permMetricChart_widget_9d6e71e0-39af-40d5-baf7-deeebb613a89_e7dba014-6691-457a-ad73-260d2fca3a5d",
                  "value": "b%3A0"
               }
            ],
            "title": "Write Latency",
            "type": "MetricChart"
         },
         {
            "collapsed": false,
            "config": {
               "customFilter": {
                  "excludedResources": null,
                  "filter": [],
                  "includedResources": null
               },
               "depth": 10,
               "metric": {
                  "mode": "resourceKind",
                  "resourceKindMetrics": [{
                     "colorMethod": 2,
                     "id": "extModel5698-1",
                     "isStringMetric": false,
                     "metricKey": "datastore|numberReadAveraged_average",
                     "metricName": "Datastore|Read IOPS",
                     "metricUnitId": null,
                     "orangeBound": null,
                     "redBound": null,
                     "resourceKindId": "resourceKind:id:1_::_",
                     "resourceKindName": "Datastore",
                     "unit": null,
                     "yellowBound": null
                  }],
                  "resourceMetrics": [],
                  "subMode": "resourceKindAll"
               },
               "refreshContent": {"refreshContent": false},
               "refreshInterval": 300,
               "relationshipMode": {"relationshipMode": -1},
               "resInteractionMode": null,
               "resource": [],
               "selfProvider": {"selfProvider": false},
               "title": "Read IOPS"
            },
            "gridsterCoords": {
               "h": 9,
               "w": 6,
               "x": 1,
               "y": 15
            },
            "height": 495,
            "id": "afebc3c9-5446-4a3f-8acf-25415983f15e",
            "states": [
               {
                  "key": "perm_toolbarVisible_widget_9d6e71e0-39af-40d5-baf7-deeebb613a89_afebc3c9-5446-4a3f-8acf-25415983f15e",
                  "value": "b%3A0"
               },
               {
                  "key": "permBtn_splitGraphs_permMetricChart_widget_9d6e71e0-39af-40d5-baf7-deeebb613a89_afebc3c9-5446-4a3f-8acf-25415983f15e",
                  "value": "b%3A0"
               },
               {
                  "key": "permMetricChart_widget_9d6e71e0-39af-40d5-baf7-deeebb613a89_afebc3c9-5446-4a3f-8acf-25415983f15e",
                  "value": "o%3A"
               },
               {
                  "key": "permDateRange1_permMetricChart_widget_9d6e71e0-39af-40d5-baf7-deeebb613a89_afebc3c9-5446-4a3f-8acf-25415983f15e",
                  "value": "s%3A%7B%22dateRange%22%3A%22dashboardTime%22%2C%22dateFrom%22%3Anull%2C%22dateTo%22%3Anull%2C%22timeFrom%22%3Anull%2C%22timeTo%22%3Anull%7D"
               },
               {
                  "key": "permBtn_zoomAllGraphs_permMetricChart_widget_9d6e71e0-39af-40d5-baf7-deeebb613a89_afebc3c9-5446-4a3f-8acf-25415983f15e",
                  "value": "b%3A0"
               },
               {
                  "key": "permBtn_pan_permMetricChart_widget_9d6e71e0-39af-40d5-baf7-deeebb613a89_afebc3c9-5446-4a3f-8acf-25415983f15e",
                  "value": "b%3A0"
               }
            ],
            "title": "Read IOPS",
            "type": "MetricChart"
         },
         {
            "collapsed": false,
            "config": {
               "customFilter": {
                  "excludedResources": null,
                  "filter": [],
                  "includedResources": null
               },
               "depth": 10,
               "metric": {
                  "mode": "resourceKind",
                  "resourceKindMetrics": [{
                     "colorMethod": 2,
                     "id": "extModel6359-1",
                     "isStringMetric": false,
                     "metricKey": "datastore|numberWriteAveraged_average",
                     "metricName": "Datastore|Write IOPS",
                     "metricUnitId": null,
                     "orangeBound": null,
                     "redBound": null,
                     "resourceKindId": "resourceKind:id:1_::_",
                     "resourceKindName": "Datastore",
                     "unit": null,
                     "yellowBound": null
                  }],
                  "resourceMetrics": [],
                  "subMode": "resourceKindAll"
               },
               "refreshContent": {"refreshContent": false},
               "refreshInterval": 300,
               "relationshipMode": {"relationshipMode": -1},
               "resInteractionMode": null,
               "resource": [],
               "selfProvider": {"selfProvider": false},
               "title": "Write IOPS"
            },
            "gridsterCoords": {
               "h": 9,
               "w": 6,
               "x": 7,
               "y": 15
            },
            "height": 495,
            "id": "f9b1e61d-bab6-497b-b649-74823c99a39a",
            "states": [
               {
                  "key": "perm_toolbarVisible_widget_9d6e71e0-39af-40d5-baf7-deeebb613a89_f9b1e61d-bab6-497b-b649-74823c99a39a",
                  "value": "b%3A0"
               },
               {
                  "key": "permMetricChart_widget_9d6e71e0-39af-40d5-baf7-deeebb613a89_f9b1e61d-bab6-497b-b649-74823c99a39a",
                  "value": "o%3A"
               },
               {
                  "key": "permBtn_splitGraphs_permMetricChart_widget_9d6e71e0-39af-40d5-baf7-deeebb613a89_f9b1e61d-bab6-497b-b649-74823c99a39a",
                  "value": "b%3A0"
               },
               {
                  "key": "permBtn_zoomAllGraphs_permMetricChart_widget_9d6e71e0-39af-40d5-baf7-deeebb613a89_f9b1e61d-bab6-497b-b649-74823c99a39a",
                  "value": "b%3A0"
               },
               {
                  "key": "permDateRange1_permMetricChart_widget_9d6e71e0-39af-40d5-baf7-deeebb613a89_f9b1e61d-bab6-497b-b649-74823c99a39a",
                  "value": "s%3A%7B%22dateRange%22%3A%22dashboardTime%22%2C%22dateFrom%22%3Anull%2C%22dateTo%22%3Anull%2C%22timeFrom%22%3Anull%2C%22timeTo%22%3Anull%7D"
               },
               {
                  "key": "permBtn_pan_permMetricChart_widget_9d6e71e0-39af-40d5-baf7-deeebb613a89_f9b1e61d-bab6-497b-b649-74823c99a39a",
                  "value": "b%3A0"
               }
            ],
            "title": "Write IOPS",
            "type": "MetricChart"
         },
         {
            "collapsed": false,
            "config": {
               "customFilter": {
                  "excludedResources": null,
                  "filter": [],
                  "includedResources": null
               },
               "depth": 10,
               "metric": {
                  "mode": "resourceKind",
                  "resourceKindMetrics": [{
                     "colorMethod": 2,
                     "id": "extModel9417-1",
                     "isStringMetric": false,
                     "metricKey": "datastore|read_average",
                     "metricName": "Datastore|Read Throughput",
                     "metricUnitId": "kbps",
                     "orangeBound": null,
                     "redBound": null,
                     "resourceKindId": "resourceKind:id:1_::_",
                     "resourceKindName": "Datastore",
                     "unit": "KBps",
                     "yellowBound": null
                  }],
                  "resourceMetrics": [],
                  "subMode": "resourceKindAll"
               },
               "refreshContent": {"refreshContent": false},
               "refreshInterval": 300,
               "relationshipMode": {"relationshipMode": -1},
               "resInteractionMode": null,
               "resource": [],
               "selfProvider": {"selfProvider": false},
               "title": "Read Throughput"
            },
            "gridsterCoords": {
               "h": 9,
               "w": 6,
               "x": 1,
               "y": 24
            },
            "height": 495,
            "id": "cba8dae2-6534-46d2-a574-0c8d723eba36",
            "states": [
               {
                  "key": "permBtn_zoomAllGraphs_permMetricChart_widget_9d6e71e0-39af-40d5-baf7-deeebb613a89_cba8dae2-6534-46d2-a574-0c8d723eba36",
                  "value": "b%3A0"
               },
               {
                  "key": "permBtn_pan_permMetricChart_widget_9d6e71e0-39af-40d5-baf7-deeebb613a89_cba8dae2-6534-46d2-a574-0c8d723eba36",
                  "value": "b%3A0"
               },
               {
                  "key": "permBtn_splitGraphs_permMetricChart_widget_9d6e71e0-39af-40d5-baf7-deeebb613a89_cba8dae2-6534-46d2-a574-0c8d723eba36",
                  "value": "b%3A0"
               },
               {
                  "key": "permMetricChart_widget_9d6e71e0-39af-40d5-baf7-deeebb613a89_cba8dae2-6534-46d2-a574-0c8d723eba36",
                  "value": "o%3A"
               },
               {
                  "key": "perm_toolbarVisible_widget_9d6e71e0-39af-40d5-baf7-deeebb613a89_cba8dae2-6534-46d2-a574-0c8d723eba36",
                  "value": "b%3A0"
               },
               {
                  "key": "permDateRange1_permMetricChart_widget_9d6e71e0-39af-40d5-baf7-deeebb613a89_cba8dae2-6534-46d2-a574-0c8d723eba36",
                  "value": "s%3A%7B%22dateRange%22%3A%22dashboardTime%22%2C%22dateFrom%22%3Anull%2C%22dateTo%22%3Anull%2C%22timeFrom%22%3Anull%2C%22timeTo%22%3Anull%7D"
               }
            ],
            "title": "Read Throughput",
            "type": "MetricChart"
         },
         {
            "collapsed": false,
            "config": {
               "customFilter": {
                  "excludedResources": null,
                  "filter": [],
                  "includedResources": null
               },
               "depth": 10,
               "metric": {
                  "mode": "resourceKind",
                  "resourceKindMetrics": [{
                     "colorMethod": 2,
                     "id": "extModel8752-1",
                     "isStringMetric": false,
                     "metricKey": "datastore|write_average",
                     "metricName": "Datastore|Write Throughput",
                     "metricUnitId": "kbps",
                     "orangeBound": null,
                     "redBound": null,
                     "resourceKindId": "resourceKind:id:1_::_",
                     "resourceKindName": "Datastore",
                     "unit": "KBps",
                     "yellowBound": null
                  }],
                  "resourceMetrics": [],
                  "subMode": "resourceKindAll"
               },
               "refreshContent": {"refreshContent": false},
               "refreshInterval": 300,
               "relationshipMode": {"relationshipMode": -1},
               "resInteractionMode": null,
               "resource": [],
               "selfProvider": {"selfProvider": false},
               "title": "Write Throughput"
            },
            "gridsterCoords": {
               "h": 9,
               "w": 6,
               "x": 7,
               "y": 24
            },
            "height": 495,
            "id": "8b09fc7b-4557-4788-8300-a056cfc44c24",
            "states": [
               {
                  "key": "permBtn_zoomAllGraphs_permMetricChart_widget_9d6e71e0-39af-40d5-baf7-deeebb613a89_8b09fc7b-4557-4788-8300-a056cfc44c24",
                  "value": "b%3A0"
               },
               {
                  "key": "permDateRange1_permMetricChart_widget_9d6e71e0-39af-40d5-baf7-deeebb613a89_8b09fc7b-4557-4788-8300-a056cfc44c24",
                  "value": "s%3A%7B%22dateRange%22%3A%22dashboardTime%22%2C%22dateFrom%22%3Anull%2C%22dateTo%22%3Anull%2C%22timeFrom%22%3Anull%2C%22timeTo%22%3Anull%7D"
               },
               {
                  "key": "perm_toolbarVisible_widget_9d6e71e0-39af-40d5-baf7-deeebb613a89_8b09fc7b-4557-4788-8300-a056cfc44c24",
                  "value": "b%3A0"
               },
               {
                  "key": "permBtn_splitGraphs_permMetricChart_widget_9d6e71e0-39af-40d5-baf7-deeebb613a89_8b09fc7b-4557-4788-8300-a056cfc44c24",
                  "value": "b%3A0"
               },
               {
                  "key": "permBtn_pan_permMetricChart_widget_9d6e71e0-39af-40d5-baf7-deeebb613a89_8b09fc7b-4557-4788-8300-a056cfc44c24",
                  "value": "b%3A0"
               },
               {
                  "key": "permMetricChart_widget_9d6e71e0-39af-40d5-baf7-deeebb613a89_8b09fc7b-4557-4788-8300-a056cfc44c24",
                  "value": "o%3A"
               }
            ],
            "title": "Write Throughput",
            "type": "MetricChart"
         }
      ]
   }],
   "entries": {"resourceKind": [
      {
         "adapterKindKey": "VMWARE",
         "internalId": "resourceKind:id:0_::_",
         "resourceKindKey": "ClusterComputeResource"
      },
      {
         "adapterKindKey": "VMWARE",
         "internalId": "resourceKind:id:1_::_",
         "resourceKindKey": "Datastore"
      }
   ]},
   "uuid": "6841313f-30de-4470-857b-e3ae10cbb31f"
}